Company,Rating,Reviews,Industry,Location,Type,HQ,Age,Employees,Highly_Rated,Critically_Rated,Page
TCS,,(1.2L),IT Services & Consulting,Bengaluru +477 other locations,,,,,Job Security,"Promotions, Salary, Work Satisfaction",1
Accenture,,(76.1k),IT Services & Consulting,Bengaluru +280 other locations,,,,,"Promotions, Salary, Work Satisfaction",,1
Wipro,,(67k),IT Services & Consulting,Hyderabad +391 other locations,,,,,"Promotions, Salary, Work Satisfaction",,1
Cognizant,,(63.3k),IT Services & Consulting,Hyderabad +254 other locations,,,,,"Promotions, Salary, Work Satisfaction",,1
Capgemini,,(55.5k),IT Services & Consulting,Bengaluru +204 other locations,,,,,"Work Life Balance, Job Security","Promotions, Salary, Work Satisfaction",1
HDFC Bank,,(54.7k),Banking,Mumbai +1900 other locations,,,,,Job Security,"Promotions, Salary",1
Infosys,,(50.4k),IT Services & Consulting,Bengaluru +257 other locations,,,,,Job Security,"Promotions, Salary, Work Satisfaction",1
HCLTech,,(48.3k),IT Services & Consulting,Bengaluru +248 other locations,,,,,"Promotions, Salary, Work Satisfaction",,1
ICICI Bank,,(47.1k),Banking,Mumbai +1473 other locations,,,,,"Job Security, Promotions, Skill Development",,1
Tech Mahindra,,(44.7k),IT Services & Consulting,Hyderabad +339 other locations,,,,,"Promotions, Salary, Work Satisfaction",,1
Genpact,,(44k),Analytics & KPO,Hyderabad +186 other locations,,,,,Job Security,"Promotions, Salary, Work Satisfaction",1
TP,,(40.2k),BPO,Mumbai +267 other locations,,,,,"Work Life Balance, Job Security, Skill Development",,1
Axis Bank,,(34.6k),Banking,Mumbai +1563 other locations,,,,,"Promotions, Work Satisfaction, Company Culture",,1
Jio,,(34.3k),Telecom,Mumbai +1980 other locations,,,,,"Job Security, Company Culture, Work Life Balance",,1
Concentrix Corporation,,(33.3k),BPO,Bengaluru +194 other locations,,,,,Job Security,"Promotions, Salary, Work Satisfaction",1
Amazon,,(32.8k),Internet,Bengaluru +553 other locations,,,,,"Company Culture, Work Life Balance, Salary",Promotions,1
Reliance Retail,,(28k),Retail,Mumbai +1183 other locations,,,,,"Job Security, Skill Development, Work Life Balance",Promotions,1
iEnergizer,,(27.8k),BPO,Noida +55 other locations,,,,,"Company Culture, Work Life Balance, Work Satisfaction",,1
LTM Limited,,(27.4k),IT Services & Consulting,Bengaluru +155 other locations,,,,,"Promotions, Salary, Work Satisfaction",,1
HDB Financial Services,,(26.6k),NBFC,Mumbai +1115 other locations,,,,,"Promotions, Salary",,1
IBM,,(26.6k),IT Services & Consulting,Bengaluru +172 other locations,,,,,"Work Life Balance, Company Culture, Job Security","Promotions, Salary",2
Larsen & Toubro Limited,,(24.8k),Engineering & Construction,Mumbai +803 other locations,,,,,"Job Security, Skill Development, Salary","Promotions, Work Life Balance",2
Deloitte,,(24.4k),Management Consulting,Hyderabad +208 other locations,,,,,"Promotions, Work Life Balance, Work Satisfaction",,2
Kotak Mahindra Bank,,(23.3k),Banking,Mumbai +706 other locations,,,,,"Promotions, Work Satisfaction, Company Culture",,2
Reliance Industries,,(20.9k),Oil & Gas,Jamnagar +837 other locations,,,,,"Job Security, Work Life Balance, Skill Development",Promotions,2
Vodafone Idea,,(18k),Telecom,Pune +722 other locations,,,,,"Company Culture, Work Life Balance, Salary",Promotions,2
Bharti Airtel,,(17.6k),Telecom,Gurugram +811 other locations,,,,,Promotions,,2
BYJU'S,,(16.4k),EdTech,Bengaluru +323 other locations,,,,,"Job Security, Company Culture, Work Life Balance",,2
WNS,,(15.8k),IT Services & Consulting,Pune +69 other locations,,,,,"Promotions, Salary, Work Satisfaction",,2
IDFC FIRST Bank,,(15.7k),Banking,Mumbai +757 other locations,,,,,"Salary, Skill Development, Company Culture",,2
Ernst & Young,,(15.2k),Management Consulting,Bengaluru +146 other locations,,,,,"Promotions, Work Life Balance, Work Satisfaction",,2
IndusInd Bank,,(14.8k),Banking,Mumbai +817 other locations,,,,,"Promotions, Company Culture, Work Satisfaction",,2
AU Small Finance Bank,,(14.7k),Banking,Jaipur +823 other locations,,,,,,,2
Tata Motors,,(14.6k),Automobile,Pune +521 other locations,,,,,"Job Security, Company Culture, Work Life Balance",Promotions,2
Bajaj Finserv,,(13.8k),NBFC,Pune +1246 other locations,,,,,"Salary, Skill Development, Job Security",,2
Flipkart,,(13.5k),Internet,Bengaluru +573 other locations,,,,,"Company Culture, Skill Development, Salary",Promotions,2
Muthoot FinCorp,,(13.5k),NBFC,Bengaluru +1136 other locations,,,,,"Company Culture, Work Life Balance, Job Security",,2
PwC,,(13.3k),Management Consulting,Bengaluru +150 other locations,,,,,"Promotions, Work Life Balance, Work Satisfaction",,2
Mahindra & Mahindra,,(12.6k),Automobile,Pune +582 other locations,,,,,"Job Security, Skill Development, Company Culture",Promotions,2
HDFC Life,,(12.5k),Insurance,Mumbai +731 other locations,,,,,Skill Development,Promotions,2
Infosys BPM,,(12.5k),BPO,Bengaluru +97 other locations,,,,,Job Security,"Promotions, Salary, Work Satisfaction",3
DXC Technology,,(12.3k),IT Services & Consulting,Bengaluru +133 other locations,,,,,Work Life Balance,"Promotions, Salary, Work Satisfaction",3
Bandhan Bank,,(11.8k),Banking,Kolkata +1052 other locations,,,,,"Promotions, Company Culture, Work Satisfaction",,3
Digitide Solutions,,(10.7k),IT Services & Consulting,Hyderabad +279 other locations,,,,,"Promotions, Salary, Work Satisfaction",,3
Yes Bank,,(10.6k),Banking,Mumbai +548 other locations,,,,,"Job Security, Promotions, Company Culture",,3
Mphasis,,(10.6k),IT Services & Consulting,Bengaluru +68 other locations,,,,,"Promotions, Salary, Work Satisfaction",,3
Tata Steel,,(10.3k),Iron & Steel,Jamshedpur +235 other locations,,,,,"Work Life Balance, Job Security, Company Culture",Promotions,3
Quess,,(10.1k),Recruitment,Bengaluru +780 other locations,,,,,"Promotions, Job Security",,3
Asian Paints,,(10k),Chemicals,Mumbai +569 other locations,,,,,"Salary, Skill Development","Promotions, Work Life Balance",3
UltraTech Cement,,(9.9k),Building Material,Mumbai +555 other locations,,,,,"Job Security, Skill Development, Company Culture",Promotions,3
Maruti Suzuki,,(9.9k),Automobile,Gurugram +468 other locations,,,,,"Job Security, Salary, Company Culture",,3
Startek,,(9.9k),BPO,Bengaluru +105 other locations,,,,,"Promotions, Work Satisfaction, Salary",,3
Bajaj Finance,,(9.7k),NBFC,Pune +1033 other locations,,,,,"Salary, Skill Development, Job Security",,3
Paytm,,(9.6k),FinTech,Noida +437 other locations,,,,,"Job Security, Company Culture, Promotions",,3
Shriram Finance,,(9.5k),NBFC,Chennai +1144 other locations,,,,,"Job Security, Work Life Balance",Promotions,3
Sutherland Global Services,,(9.4k),BPO,Chennai +89 other locations,,,,,"Promotions, Work Satisfaction, Skill Development",,3
Equitas Small Finance Bank,,(9.2k),Banking,Chennai +491 other locations,,,,,"Company Culture, Work Life Balance, Job Security",,3
Coforge,,(9.2k),IT Services & Consulting,Hyderabad +117 other locations,,,,,"Promotions, Work Satisfaction, Job Security",,3
Wells Fargo,,(9.1k),Financial Services,Bengaluru +32 other locations,,,,,Work Life Balance,"Promotions, Skill Development, Work Satisfaction",3
Cipla,,(8.9k),Pharma,Mumbai +300 other locations,,,,,"Salary, Work Life Balance, Skill Development",,3
EXL Service,,(8.9k),Analytics & KPO,Noida +63 other locations,,,,,Job Security,"Promotions, Salary, Skill Development",4
Ericsson,,(8.6k),Telecom,Noida +169 other locations,,,,,"Work Life Balance, Company Culture","Promotions, Salary",4
Samsung,,(8.5k),Consumer Electronics & Appliances,Noida +591 other locations,,,,,"Work Life Balance, Salary",Promotions,4
Dr. Reddy's,,(8.5k),Pharma,Hyderabad +220 other locations,,,,,"Company Culture, Work Life Balance, Skill Development","Promotions, Job Security",4
JSW Steel,,(8.3k),Iron & Steel,Ballari +203 other locations,,,,,"Job Security, Skill Development",Promotions,4
Optum Global Solutions,,(8.3k),IT Services & Consulting,Hyderabad +71 other locations,,,,,"Job Security, Work Life Balance, Company Culture",Promotions,4
Delhivery,,(8.2k),Logistics,Gurugram +786 other locations,,,,,Promotions,,4
JPMorgan Chase & Co.,,(8.1k),Financial Services,Bengaluru +66 other locations,,,,,"Job Security, Salary",Promotions,4
ICICI Prudential Life Insurance,,(8k),Insurance,Mumbai +518 other locations,,,,,"Job Security, Salary, Skill Development",,4
Hexaware Technologies,,(8k),IT Services & Consulting,Chennai +71 other locations,,,,,"Promotions, Salary, Work Satisfaction",,4
Ujjivan Small Finance Bank,,(8k),Banking,Bengaluru +563 other locations,,,,,"Company Culture, Work Life Balance, Skill Development",,4
Sun Pharmaceutical Industries,,(7.9k),Pharma,Vadodara +269 other locations,,,,,"Salary, Skill Development, Work Life Balance",,4
Jana Small Finance Bank,,(7.9k),Banking,Bengaluru +436 other locations,,,,,Salary,"Company Culture, Work Satisfaction, Promotions",4
Zydus Lifesciences,,(7.9k),Pharma,Ahmedabad +189 other locations,,,,,"Salary, Skill Development, Company Culture",,4
Ekart Logistics,,(7.8k),Logistics,Bengaluru +757 other locations,,,,,Skill Development,Promotions,4
HGS,,(7.7k),Emerging Technologies,Bengaluru +124 other locations,,,,,"Promotions, Salary",,4
KPMG India,,(7.7k),Management Consulting,Bengaluru +121 other locations,,,,,"Promotions, Work Life Balance, Work Satisfaction",,4
Lupin,,(7.6k),Pharma,Pune +208 other locations,,,,,"Company Culture, Skill Development, Work Life Balance",Promotions,4
Amazon Development Centre India,,(7.6k),Internet,Hyderabad +148 other locations,,,,,"Company Culture, Work Life Balance","Promotions, Job Security, Skill Development",4
Axis Max Life Insurance,,(7.5k),Insurance,New Delhi +526 other locations,,,,,"Skill Development, Company Culture, Work Life Balance",,4
ITC,,(7.4k),FMCG,Bengaluru +383 other locations,,,,,Job Security,Promotions,5
Hindustan Unilever,,(7.4k),FMCG,Mumbai +556 other locations,,,,,"Skill Development, Company Culture, Work Life Balance",Promotions,5
L&T Construction,,(7.4k),Engineering & Construction,Chennai +439 other locations,,,,,"Job Security, Skill Development, Salary",Promotions,5
Megha Engineering & Infrastructures,,(7.2k),Engineering & Construction,Hyderabad +419 other locations,,,,,"Work Life Balance, Job Security",Promotions,5
Tata Projects,,(7.1k),Engineering & Construction,Mumbai +292 other locations,,,,,"Salary, Company Culture, Work Life Balance",,5
Cholamandalam Investment & Finance,,(7k),Financial Services,Chennai +884 other locations,,,,,Salary,Promotions,5
Bajaj Life Insurance,,(7k),Insurance,Pune +627 other locations,,,,,Salary,,5
L&T Technology Services,,(6.9k),IT Services & Consulting,Bengaluru +101 other locations,,,,,"Promotions, Salary, Work Satisfaction",,5
FIS,,(6.8k),FinTech,Pune +63 other locations,,,,,Work Life Balance,"Promotions, Job Security, Skill Development",5
Oracle,,(6.7k),Software Product,Bengaluru +60 other locations,,,,,"Promotions, Salary, Work Satisfaction",,5
Omega Healthcare,,(6.7k),BPO,Chennai +72 other locations,,,,,"Promotions, Salary",,5
JLL,,(6.7k),Real Estate,Gurugram +93 other locations,,,,,"Work Life Balance, Job Security, Company Culture",Promotions,5
Muthoot Finance,,(6.6k),NBFC,Bengaluru +811 other locations,,,,,"Promotions, Work Satisfaction",,5
eClerx,,(6.6k),IT Services & Consulting,Pune +34 other locations,,,,,"Promotions, Salary, Work Satisfaction",,5
IIFL Finance,,(6.6k),NBFC,Mumbai +832 other locations,,,,,"Work Life Balance, Company Culture, Job Security",,5
Indian Army,,(6.5k),Defence & Aerospace,New Delhi +375 other locations,,,,,"Job Security, Company Culture, Work Life Balance",,5
DMart,,(6.5k),Retail,Mumbai +260 other locations,,,,,"Job Security, Company Culture",Promotions,5
PolicyBazaar,,(6.4k),Internet,Gurugram +162 other locations,,,,,Salary,Work Life Balance,5
Indiamart Intermesh,,(6.4k),Internet,Noida +168 other locations,,,,,"Work Satisfaction, Promotions, Company Culture",,5
Piramal Finance,,(6.4k),NBFC,Mumbai +442 other locations,,,,,"Company Culture, Work Life Balance, Skill Development",,5
Virtusa Consulting Services,,(6.3k),IT Services & Consulting,Hyderabad +56 other locations,,,,,"Promotions, Job Security, Salary",,6
HSBC Group,,(6.3k),Financial Services,Bengaluru +68 other locations,,,,,"Work Life Balance, Company Culture, Job Security","Promotions, Salary",6
SMFG India Credit,,(6.2k),NBFC,Mumbai +621 other locations,,,,,Salary,Promotions,6
Access Healthcare,,(6.2k),BPO,Chennai +62 other locations,,,,,Promotions,,6
HCL Group,,(6.1k),IT Services & Consulting,Chennai +102 other locations,,,,,"Promotions, Salary, Work Satisfaction",,6
BigBasket,,(6.1k),Internet,Bengaluru +150 other locations,,,,,Job Security,Promotions,6
Manappuram Finance,,(6k),NBFC,Bengaluru +676 other locations,,,,,"Work Life Balance, Promotions, Skill Development",,6
GlobalLogic,,(6k),IT Services & Consulting,Hyderabad +64 other locations,,,,,"Promotions, Salary, Work Satisfaction",,6
ICICI Lombard General Insurance Company,,(6k),Insurance,Mumbai +326 other locations,,,,,"Promotions, Work Satisfaction, Company Culture",,6
Siemens,,(6k),Industrial Automation,Bengaluru +162 other locations,,,,,"Work Life Balance, Job Security, Company Culture",Promotions,6
Firstsource Solutions,,(6k),BPO,Bengaluru +74 other locations,,,,,"Promotions, Salary, Company Culture",,6
Apollo Hospitals,,(6k),Healthcare,Chennai +233 other locations,,,,,"Job Security, Skill Development, Company Culture",Promotions,6
Aurobindo Pharma,,(5.9k),Pharma,Hyderabad +119 other locations,,,,,"Job Security, Salary, Work Life Balance",Promotions,6
Shapoorji Pallonji Group,,(5.9k),Engineering & Construction,Mumbai +191 other locations,,,,,"Job Security, Company Culture, Work Life Balance",Promotions,6
Tata Capital,,(5.9k),NBFC,Mumbai +465 other locations,,,,,"Job Security, Company Culture, Work Life Balance",Promotions,6
Swiggy,,(5.9k),Internet,Bengaluru +245 other locations,,,,,"Job Security, Promotions, Work Life Balance",,6
UST,,(5.9k),IT Services & Consulting,Bengaluru +54 other locations,,,,,Work Life Balance,"Promotions, Job Security, Salary",6
Standard Chartered,,(5.9k),Banking,Chennai +72 other locations,,,,,"Promotions, Work Satisfaction, Salary",,6
Mahindra Finance,,(5.9k),NBFC,Mumbai +760 other locations,,,,,Promotions,,6
Bosch Global Software Technologies,,(5.8k),IT Services & Consulting,Bengaluru +48 other locations,,,,,"Work Life Balance, Company Culture, Job Security","Promotions, Salary, Work Satisfaction",6
Udaan,,(5.8k),Internet,Bengaluru +374 other locations,,,,,Salary,"Job Security, Promotions",7
Citicorp,,(5.7k),Financial Services,Pune +74 other locations,,,,,Salary,"Promotions, Work Satisfaction, Skill Development",7
Ashok Leyland,,(5.7k),Automobile,Chennai +273 other locations,,,,,"Skill Development, Company Culture, Work Life Balance",Promotions,7
Hero MotoCorp,,(5.7k),Automobile,Gurugram +387 other locations,,,,,"Work Life Balance, Company Culture, Work Satisfaction",Promotions,7
CGI Inc,,(5.6k),IT Services & Consulting,Bengaluru +49 other locations,,,,,"Work Life Balance, Job Security, Company Culture","Promotions, Salary",7
NTT DATA,,(5.5k),IT Services & Consulting,Bengaluru +86 other locations,,,,,"Work Life Balance, Job Security",Promotions,7
Kalpataru Projects International,,(5.5k),Engineering & Construction,Mumbai +340 other locations,,,,,"Job Security, Skill Development, Salary",,7
SBI Cards & Payment Services,,(5.5k),Financial Services,Gurugram +459 other locations,,,,,"Promotions, Work Satisfaction, Company Culture",,7
Nagarjuna Construction Company,,(5.5k),Construction,Hyderabad +301 other locations,,,,,"Job Security, Work Life Balance, Skill Development",Promotions,7
IQVIA,,(5.5k),Clinical Research,Bengaluru +68 other locations,,,,,Work Life Balance,"Promotions, Salary, Work Satisfaction",7
BNY,,(5.5k),Financial Services,Pune +29 other locations,,,,,"Promotions, Job Security, Work Satisfaction",,7
Cyient,,(5.5k),IT Services & Consulting,Hyderabad +51 other locations,,,,,"Promotions, Salary, Skill Development",,7
Schneider Electric,,(5.4k),Industrial Automation,Bengaluru +123 other locations,,,,,"Company Culture, Work Life Balance, Job Security",Promotions,7
SBI Life Insurance Company,,(5.4k),Insurance,Mumbai +676 other locations,,,,,Job Security,"Promotions, Work Life Balance, Work Satisfaction",7
CBRE,,(5.3k),Real Estate,Hyderabad +97 other locations,,,,,"Company Culture, Work Life Balance, Job Security",,7
JustDial,,(5.3k),Internet,Noida +239 other locations,,,,,"Promotions, Work Satisfaction, Job Security",,7
TVS Motor,,(5.3k),Automobile,Hosur +360 other locations,,,,,"Job Security, Skill Development, Salary",Promotions,7
State Bank of India,,(5.3k),Banking,Mumbai +677 other locations,,,,,"Job Security, Skill Development, Salary",,7
Persistent Systems,,(5.3k),IT Services & Consulting,Pune +42 other locations,,,,,"Promotions, Job Security, Work Satisfaction",,7
KEC International,,(5.2k),Engineering & Construction,Mumbai +327 other locations,,,,,"Job Security, Salary, Company Culture",Promotions,7
